TRUNCATE TABLE app.trophy CASCADE;
TRUNCATE TABLE app.earned_trophy CASCADE;
TRUNCATE TABLE app.played_game CASCADE;
TRUNCATE TABLE app.player CASCADE;

INSERT INTO app.player (id, pseudo, avatar_url)
VALUES ('11111111-0000-0000-0000-000000000000', 'Player One', 'avatar1.png'),
       ('22222222-0000-0000-0000-000000000000', 'Player Two', 'avatar2.png'),
       ('33333333-0000-0000-0000-000000000000', 'Player Three', 'avatar3.png')
;

INSERT INTO app.game(id, title, image_url, aws_image_url)
VALUES ('00000000-1111-0000-0000-000000000000', 'Tomb Raider', 'game1.png', 'game1aws.png'),
       ('00000000-2222-0000-0000-000000000000', 'Outer Wilds', 'game2.png', 'game2aws.png'),
       ('00000000-3333-0000-0000-000000000000', 'Horizon', 'game3.png', 'game1aws.png'),
       ('00000000-4444-0000-0000-000000000000', 'Dragon Age', 'game4.png', 'game1aws.png')
;

-- Last-played timestamps are placeholders here
INSERT INTO app.played_game (player_id, game_id, last_played_at)
VALUES ('11111111-0000-0000-0000-000000000000', '00000000-1111-0000-0000-000000000000', '2020-01-01 00:00:00'),
       ('11111111-0000-0000-0000-000000000000', '00000000-2222-0000-0000-000000000000', '2020-01-01 00:00:00'),
       ('11111111-0000-0000-0000-000000000000', '00000000-3333-0000-0000-000000000000', '2020-01-01 00:00:00'),
       ('11111111-0000-0000-0000-000000000000', '00000000-4444-0000-0000-000000000000', '2020-01-01 00:00:00'),
       ('22222222-0000-0000-0000-000000000000', '00000000-2222-0000-0000-000000000000', '2020-01-01 00:00:00'),
       ('22222222-0000-0000-0000-000000000000', '00000000-3333-0000-0000-000000000000', '2020-01-01 00:00:00'),
       ('22222222-0000-0000-0000-000000000000', '00000000-4444-0000-0000-000000000000', '2020-01-01 00:00:00'),
       ('33333333-0000-0000-0000-000000000000', '00000000-3333-0000-0000-000000000000', '2020-01-01 00:00:00'),
       ('33333333-0000-0000-0000-000000000000', '00000000-4444-0000-0000-000000000000', '2020-01-01 00:00:00')
;

UPDATE app.played_game
SET last_played_at = now() - interval '1 day'
WHERE game_id IN (
                  '00000000-1111-0000-0000-000000000000',
                  '00000000-2222-0000-0000-000000000000',
                  '00000000-3333-0000-0000-000000000000'
    );